-- phpMyAdmin SQL Dump
-- version 5.2.1
-- https://www.phpmyadmin.net/
--
-- Host: 127.0.0.1
-- Generation Time: Dec 09, 2024 at 01:59 PM
-- Server version: 10.4.32-MariaDB
-- PHP Version: 8.2.12

SET SQL_MODE = "NO_AUTO_VALUE_ON_ZERO";
START TRANSACTION;
SET time_zone = "+00:00";


/*!40101 SET @OLD_CHARACTER_SET_CLIENT=@@CHARACTER_SET_CLIENT */;
/*!40101 SET @OLD_CHARACTER_SET_RESULTS=@@CHARACTER_SET_RESULTS */;
/*!40101 SET @OLD_COLLATION_CONNECTION=@@COLLATION_CONNECTION */;
/*!40101 SET NAMES utf8mb4 */;

--
-- Database: `gamerhub`
--

-- --------------------------------------------------------

--
-- Table structure for table `basket_items`
--

CREATE TABLE `basket_items` (
  `id` bigint(20) UNSIGNED NOT NULL,
  `user` bigint(20) UNSIGNED NOT NULL,
  `product` bigint(20) UNSIGNED NOT NULL,
  `quantity` int(10) UNSIGNED NOT NULL,
  `created_at` timestamp NULL DEFAULT NULL,
  `updated_at` timestamp NULL DEFAULT NULL
) ENGINE=InnoDB DEFAULT CHARSET=utf8mb4 COLLATE=utf8mb4_unicode_ci;

--
-- Dumping data for table `basket_items`
--

INSERT INTO `basket_items` (`id`, `user`, `product`, `quantity`, `created_at`, `updated_at`) VALUES
(2, 1, 1, 1, '2024-12-09 12:48:00', '2024-12-09 12:48:00');

-- --------------------------------------------------------

--
-- Table structure for table `cache`
--

CREATE TABLE `cache` (
  `key` varchar(255) NOT NULL,
  `value` mediumtext NOT NULL,
  `expiration` int(11) NOT NULL
) ENGINE=InnoDB DEFAULT CHARSET=utf8mb4 COLLATE=utf8mb4_unicode_ci;

-- --------------------------------------------------------

--
-- Table structure for table `cache_locks`
--

CREATE TABLE `cache_locks` (
  `key` varchar(255) NOT NULL,
  `owner` varchar(255) NOT NULL,
  `expiration` int(11) NOT NULL
) ENGINE=InnoDB DEFAULT CHARSET=utf8mb4 COLLATE=utf8mb4_unicode_ci;

-- --------------------------------------------------------

--
-- Table structure for table `failed_jobs`
--

CREATE TABLE `failed_jobs` (
  `id` bigint(20) UNSIGNED NOT NULL,
  `uuid` varchar(255) NOT NULL,
  `connection` text NOT NULL,
  `queue` text NOT NULL,
  `payload` longtext NOT NULL,
  `exception` longtext NOT NULL,
  `failed_at` timestamp NOT NULL DEFAULT current_timestamp()
) ENGINE=InnoDB DEFAULT CHARSET=utf8mb4 COLLATE=utf8mb4_unicode_ci;

-- --------------------------------------------------------

--
-- Table structure for table `jobs`
--

CREATE TABLE `jobs` (
  `id` bigint(20) UNSIGNED NOT NULL,
  `queue` varchar(255) NOT NULL,
  `payload` longtext NOT NULL,
  `attempts` tinyint(3) UNSIGNED NOT NULL,
  `reserved_at` int(10) UNSIGNED DEFAULT NULL,
  `available_at` int(10) UNSIGNED NOT NULL,
  `created_at` int(10) UNSIGNED NOT NULL
) ENGINE=InnoDB DEFAULT CHARSET=utf8mb4 COLLATE=utf8mb4_unicode_ci;

-- --------------------------------------------------------

--
-- Table structure for table `job_batches`
--

CREATE TABLE `job_batches` (
  `id` varchar(255) NOT NULL,
  `name` varchar(255) NOT NULL,
  `total_jobs` int(11) NOT NULL,
  `pending_jobs` int(11) NOT NULL,
  `failed_jobs` int(11) NOT NULL,
  `failed_job_ids` longtext NOT NULL,
  `options` mediumtext DEFAULT NULL,
  `cancelled_at` int(11) DEFAULT NULL,
  `created_at` int(11) NOT NULL,
  `finished_at` int(11) DEFAULT NULL
) ENGINE=InnoDB DEFAULT CHARSET=utf8mb4 COLLATE=utf8mb4_unicode_ci;

-- --------------------------------------------------------

--
-- Table structure for table `migrations`
--

CREATE TABLE `migrations` (
  `id` int(10) UNSIGNED NOT NULL,
  `migration` varchar(255) NOT NULL,
  `batch` int(11) NOT NULL
) ENGINE=InnoDB DEFAULT CHARSET=utf8mb4 COLLATE=utf8mb4_unicode_ci;

--
-- Dumping data for table `migrations`
--

INSERT INTO `migrations` (`id`, `migration`, `batch`) VALUES
(1, '0001_01_01_000000_create_users_table', 1),
(2, '0001_01_01_000001_create_cache_table', 1),
(3, '0001_01_01_000002_create_jobs_table', 1),
(4, '2024_12_04_122529_create_baskets_table', 1),
(5, '2024_12_05_145717_create_products_table', 1),
(6, '2024_12_05_195516_create_product_images_table', 1),
(7, '2024_12_09_123513_create_basket_items_table', 1);

-- --------------------------------------------------------

--
-- Table structure for table `password_reset_tokens`
--

CREATE TABLE `password_reset_tokens` (
  `email` varchar(255) NOT NULL,
  `token` varchar(255) NOT NULL,
  `created_at` timestamp NULL DEFAULT NULL
) ENGINE=InnoDB DEFAULT CHARSET=utf8mb4 COLLATE=utf8mb4_unicode_ci;

-- --------------------------------------------------------

--
-- Table structure for table `products`
--

CREATE TABLE `products` (
  `id` bigint(20) UNSIGNED NOT NULL,
  `name` varchar(100) NOT NULL,
  `category` enum('mice','keyboards','monitors','audio') NOT NULL,
  `sub_category` enum('wireless','wired','membrane','mechanical','144hz','240hz','gaming','ergonomic','stylus') NOT NULL,
  `price` int(10) UNSIGNED NOT NULL,
  `description` varchar(1000) NOT NULL,
  `created_at` timestamp NULL DEFAULT NULL,
  `updated_at` timestamp NULL DEFAULT NULL
) ENGINE=InnoDB DEFAULT CHARSET=utf8mb4 COLLATE=utf8mb4_unicode_ci;

--
-- Dumping data for table `products`
--

INSERT INTO `products` (`id`, `name`, `category`, `sub_category`, `price`, `description`, `created_at`, `updated_at`) VALUES
(1, 'wireless mouse', 'mice', 'wireless', 3999, 'description for wireless mouse', NULL, NULL),
(2, 'wired mouse', 'mice', 'wired', 2999, 'description for wired mouse', NULL, NULL),
(3, 'membrane keyboard', 'keyboards', 'membrane', 1999, 'description for membrane keyboard', NULL, NULL),
(4, 'mechanical keyboard', 'keyboards', 'mechanical', 4999, 'description for mechanical keyboard', NULL, NULL),
(5, 'high refresh monitor', 'monitors', '144hz', 10999, 'monitor with 144hz refresh rate', NULL, NULL),
(6, 'ultra high refresh monitor', 'monitors', '240hz', 14999, 'monitor with 240hz refresh rate', NULL, NULL),
(7, 'gaming mouse', 'mice', 'gaming', 3999, 'mouse for gaming', NULL, NULL),
(8, 'ergonomic mouse', 'mice', 'ergonomic', 4999, 'mouse for office use', NULL, NULL),
(9, 'stylus mouse', 'mice', 'stylus', 5999, 'stylus mouse description', NULL, NULL);

-- --------------------------------------------------------

--
-- Table structure for table `product_images`
--

CREATE TABLE `product_images` (
  `id` bigint(20) NOT NULL,
  `product` bigint(20) UNSIGNED NOT NULL,
  `file` varchar(100) NOT NULL,
  `created_at` timestamp NULL DEFAULT NULL,
  `updated_at` timestamp NULL DEFAULT NULL
) ENGINE=InnoDB DEFAULT CHARSET=utf8mb4 COLLATE=utf8mb4_unicode_ci;

--
-- Dumping data for table `product_images`
--

INSERT INTO `product_images` (`id`, `product`, `file`, `created_at`, `updated_at`) VALUES
(1, 1, 'wireless1.png', NULL, NULL),
(2, 1, 'wireless2.png', NULL, NULL),
(3, 1, 'wireless3.png', NULL, NULL),
(4, 2, 'wired1.png', NULL, NULL),
(5, 2, 'wired2.png', NULL, NULL),
(6, 2, 'wired3.png', NULL, NULL),
(7, 8, 'ergonomic1.png', NULL, NULL),
(8, 8, 'ergonomic2.png', NULL, NULL),
(9, 8, 'ergonomic3.png', NULL, NULL),
(10, 7, 'gaming1.png', NULL, NULL),
(11, 7, 'gaming2.png', NULL, NULL),
(12, 4, 'mechanical1.png', NULL, NULL),
(13, 5, '144hz1.png', NULL, NULL),
(14, 6, '240hz1.png', NULL, NULL),
(15, 9, 'stylus1.png', NULL, NULL),
(16, 9, 'stylus2.png', NULL, NULL),
(17, 8, 'ergonomic3.png', NULL, NULL);

-- --------------------------------------------------------

--
-- Table structure for table `sessions`
--

CREATE TABLE `sessions` (
  `id` varchar(255) NOT NULL,
  `user_id` bigint(20) UNSIGNED DEFAULT NULL,
  `ip_address` varchar(45) DEFAULT NULL,
  `user_agent` text DEFAULT NULL,
  `payload` longtext NOT NULL,
  `last_activity` int(11) NOT NULL
) ENGINE=InnoDB DEFAULT CHARSET=utf8mb4 COLLATE=utf8mb4_unicode_ci;

--
-- Dumping data for table `sessions`
--

INSERT INTO `sessions` (`id`, `user_id`, `ip_address`, `user_agent`, `payload`, `last_activity`) VALUES
('q9wvDnOCNAhpUFBNXxoUyFoJwTvTRwKIYwbjlysN', 1, '::1', 'Mozilla/5.0 (Windows NT 10.0; Win64; x64) AppleWebKit/537.36 (KHTML, like Gecko) Chrome/131.0.0.0 Safari/537.36', 'YTo0OntzOjY6Il90b2tlbiI7czo0MDoiM1lrRTVhRWdrUkRXc0d6T05PUlpCRHZCcFlRUXRjd0tUNGQzZHR1ZSI7czo5OiJfcHJldmlvdXMiO2E6MTp7czozOiJ1cmwiO3M6NjU6Imh0dHA6Ly9sb2NhbGhvc3QvZGFzaGJvYXJkL0dhbWVySHViL3B1YmxpYy9wcm9kdWN0cy9jYXRlZ29yeS9taWNlIjt9czo2OiJfZmxhc2giO2E6Mjp7czozOiJvbGQiO2E6MDp7fXM6MzoibmV3IjthOjA6e319czo1MDoibG9naW5fd2ViXzU5YmEzNmFkZGMyYjJmOTQwMTU4MGYwMTRjN2Y1OGVhNGUzMDk4OWQiO2k6MTt9', 1733748879);

-- --------------------------------------------------------

--
-- Table structure for table `users`
--

CREATE TABLE `users` (
  `id` bigint(20) UNSIGNED NOT NULL,
  `name` varchar(255) NOT NULL,
  `email` varchar(255) NOT NULL,
  `email_verified_at` timestamp NULL DEFAULT NULL,
  `password` varchar(255) NOT NULL,
  `remember_token` varchar(100) DEFAULT NULL,
  `created_at` timestamp NULL DEFAULT NULL,
  `updated_at` timestamp NULL DEFAULT NULL
) ENGINE=InnoDB DEFAULT CHARSET=utf8mb4 COLLATE=utf8mb4_unicode_ci;

--
-- Dumping data for table `users`
--

INSERT INTO `users` (`id`, `name`, `email`, `email_verified_at`, `password`, `remember_token`, `created_at`, `updated_at`) VALUES
(1, 'test', 'test@test', NULL, '$2y$12$PkZXDdfh9tI/4XR04tDJZ.JCuRBJnZRkHNqvQhCXdknOnT5yX8p8W', NULL, '2024-12-09 12:42:37', '2024-12-09 12:42:37');

--
-- Indexes for dumped tables
--

--
-- Indexes for table `basket_items`
--
ALTER TABLE `basket_items`
  ADD PRIMARY KEY (`id`),
  ADD KEY `user` (`user`),
  ADD KEY `product` (`product`);

--
-- Indexes for table `cache`
--
ALTER TABLE `cache`
  ADD PRIMARY KEY (`key`);

--
-- Indexes for table `cache_locks`
--
ALTER TABLE `cache_locks`
  ADD PRIMARY KEY (`key`);

--
-- Indexes for table `failed_jobs`
--
ALTER TABLE `failed_jobs`
  ADD PRIMARY KEY (`id`),
  ADD UNIQUE KEY `failed_jobs_uuid_unique` (`uuid`);

--
-- Indexes for table `jobs`
--
ALTER TABLE `jobs`
  ADD PRIMARY KEY (`id`),
  ADD KEY `jobs_queue_index` (`queue`);

--
-- Indexes for table `job_batches`
--
ALTER TABLE `job_batches`
  ADD PRIMARY KEY (`id`);

--
-- Indexes for table `migrations`
--
ALTER TABLE `migrations`
  ADD PRIMARY KEY (`id`);

--
-- Indexes for table `password_reset_tokens`
--
ALTER TABLE `password_reset_tokens`
  ADD PRIMARY KEY (`email`);

--
-- Indexes for table `products`
--
ALTER TABLE `products`
  ADD PRIMARY KEY (`id`);

--
-- Indexes for table `product_images`
--
ALTER TABLE `product_images`
  ADD PRIMARY KEY (`id`),
  ADD KEY `product` (`product`);

--
-- Indexes for table `sessions`
--
ALTER TABLE `sessions`
  ADD PRIMARY KEY (`id`),
  ADD KEY `sessions_user_id_index` (`user_id`),
  ADD KEY `sessions_last_activity_index` (`last_activity`);

--
-- Indexes for table `users`
--
ALTER TABLE `users`
  ADD PRIMARY KEY (`id`),
  ADD UNIQUE KEY `users_email_unique` (`email`);

--
-- AUTO_INCREMENT for dumped tables
--

--
-- AUTO_INCREMENT for table `basket_items`
--
ALTER TABLE `basket_items`
  MODIFY `id` bigint(20) UNSIGNED NOT NULL AUTO_INCREMENT, AUTO_INCREMENT=3;

--
-- AUTO_INCREMENT for table `failed_jobs`
--
ALTER TABLE `failed_jobs`
  MODIFY `id` bigint(20) UNSIGNED NOT NULL AUTO_INCREMENT;

--
-- AUTO_INCREMENT for table `jobs`
--
ALTER TABLE `jobs`
  MODIFY `id` bigint(20) UNSIGNED NOT NULL AUTO_INCREMENT;

--
-- AUTO_INCREMENT for table `migrations`
--
ALTER TABLE `migrations`
  MODIFY `id` int(10) UNSIGNED NOT NULL AUTO_INCREMENT, AUTO_INCREMENT=8;

--
-- AUTO_INCREMENT for table `products`
--
ALTER TABLE `products`
  MODIFY `id` bigint(20) UNSIGNED NOT NULL AUTO_INCREMENT, AUTO_INCREMENT=10;

--
-- AUTO_INCREMENT for table `product_images`
--
ALTER TABLE `product_images`
  MODIFY `id` bigint(20) NOT NULL AUTO_INCREMENT, AUTO_INCREMENT=18;

--
-- AUTO_INCREMENT for table `users`
--
ALTER TABLE `users`
  MODIFY `id` bigint(20) UNSIGNED NOT NULL AUTO_INCREMENT, AUTO_INCREMENT=2;

--
-- Constraints for dumped tables
--

--
-- Constraints for table `basket_items`
--
ALTER TABLE `basket_items`
  ADD CONSTRAINT `basket_items_ibfk_1` FOREIGN KEY (`user`) REFERENCES `users` (`id`),
  ADD CONSTRAINT `basket_items_ibfk_2` FOREIGN KEY (`product`) REFERENCES `products` (`id`);

--
-- Constraints for table `product_images`
--
ALTER TABLE `product_images`
  ADD CONSTRAINT `product_images_ibfk_1` FOREIGN KEY (`product`) REFERENCES `products` (`id`);
COMMIT;

/*!40101 SET CHARACTER_SET_CLIENT=@OLD_CHARACTER_SET_CLIENT */;
/*!40101 SET CHARACTER_SET_RESULTS=@OLD_CHARACTER_SET_RESULTS */;
/*!40101 SET COLLATION_CONNECTION=@OLD_COLLATION_CONNECTION */;
